n,DMS_DNN,DMS_Cox_Linear,DMS_CoxPH,DMS_Coxvary,DMS_Cox_CC,DMS_Cox_Time,DMS_DeepSurv,DMS_DeepHit,DMS_RSF,DMS_PAFT,DMS_SAFT,DMS_AH
400,0.08504064142573321,0.10092794900689243,0.10094470587635897,0.10473155731373897,0.0893755988995483,0.0912663162729168,0.08639455990119042,0.12246039336241019,0.09777710278147289,0.09848397251385393,0.10159334251607105,0.1231953916891592
800,0.06996574692069038,0.09673470166515497,0.09662369158460862,0.09771074133265163,0.07601897481135994,0.0756027698847653,0.07183474140948032,0.11431955226768706,0.08347018024124146,0.09447228104251428,0.09630433349723157,0.12410636705546754
