n,IBS_DNN,IBS_Cox_Linear,IBS_CoxPH,IBS_Coxvary,IBS_Cox_CC,IBS_Cox_Time,IBS_DeepSurv,IBS_DeepHit,IBS_RSF,IBS_PAFT,IBS_SAFT,IBS_AH
400,0.1715240382698249,0.17689853677921646,0.17696264369980214,0.17991427221379225,0.17413076300297134,0.17451927903630313,0.17170172415794596,0.20868458608449195,0.17678907845901484,0.17622654989317824,0.17661089176935996,0.19012689654737847
800,0.16459333344442512,0.1752469904915072,0.17529505200036374,0.17651630422976214,0.16722858512882172,0.16718016204623262,0.16599444987757941,0.2053780809023168,0.17068640936812796,0.17478570226774232,0.1748638536059394,0.191290282851442
