n,run_time_Cox_Linear,run_time_Cox_CC,run_time_Cox_Time,run_time_DeepSurv,run_time_DeepHit,run_time_RSF,run_time_PAFT,run_time_SAFT,run_time_AH
400,0.03265824794769287,0.2281678032875061,0.5847066855430603,0.21653353452682494,0.2652000248432159,0.9521654093265534,0.18838204860687255,7.780174481868744,3.2260100650787353
800,0.05678931474685669,0.38816053748130797,1.3662153840065003,0.3472960042953491,0.5055233490467071,1.6039733338356017,0.24081261754035949,13.5885340821743,10.737280888557434
