n,DMS_DNN,DMS_Cox_Linear,DMS_CoxPH,DMS_Coxvary,DMS_Cox_CC,DMS_Cox_Time,DMS_DeepSurv,DMS_DeepHit,DMS_RSF,DMS_PAFT,DMS_SAFT,DMS_AH
400,0.05911851288489274,0.08614281980611953,0.09017543125604977,0.0698431291624531,0.07366169704910754,0.07560455604127968,0.06525908977417964,0.1353702071181368,0.09323834762105342,0.0947986664771373,0.08743647361511352,0.12420570154629175
800,0.04629543558007498,0.08253184066274889,0.08550681662243215,0.055712356396345225,0.05871729524688247,0.05886775466015377,0.04913985028118167,0.1287122636441099,0.07080204064332087,0.09121565280538568,0.08149815564767543,0.12061506579265306
