n,IBS_DNN,IBS_Cox_Linear,IBS_CoxPH,IBS_Coxvary,IBS_Cox_CC,IBS_Cox_Time,IBS_DeepSurv,IBS_DeepHit,IBS_RSF,IBS_PAFT,IBS_SAFT,IBS_AH
400,0.15092354764566016,0.15389764403177927,0.15446919521416397,0.15198426976314472,0.15263891545812303,0.1523167857691316,0.15306733477276036,0.17987997813035894,0.15795333219225044,0.1530882015029541,0.16107482474402388,0.1574100480781593
800,0.1490683752097196,0.15283750727991477,0.1532053255109197,0.1493145622544445,0.15084976048429447,0.15041852576210404,0.1502639355256461,0.17602913606786041,0.15307194644581784,0.15185042666063497,0.15971430656787455,0.1562997839135585
