n,run_time_DNN,run_time_Cox_Linear,run_time_CoxPH,run_time_Coxvary,run_time_Cox_CC,run_time_Cox_Time,run_time_DeepSurv,run_time_DeepHit,run_time_RSF,run_time_PAFT,run_time_SAFT,run_time_AH
400,25.875578335523606,0.03265824794769287,4.011280138492584,318.71381512999534,0.2281678032875061,0.5847066855430603,0.21653353452682494,0.2652000248432159,0.9521654093265534,0.18838204860687255,7.780174481868744,3.2260100650787353
800,41.53745418071747,0.05678931474685669,10.666879405975342,689.7761434841156,0.38816053748130797,1.3662153840065003,0.3472960042953491,0.5055233490467071,1.6039733338356017,0.24081261754035949,13.5885340821743,10.737280888557434
