n,IBS_Cox_Linear,IBS_Cox_CC,IBS_Cox_Time,IBS_DeepSurv,IBS_DeepHit,IBS_RSF,IBS_PAFT,IBS_SAFT,IBS_AH
400,0.14374756605960312,0.14330527369530166,0.143226400648497,0.1434901402453934,0.15147878635126885,0.14403117294749246,0.1442879541282741,0.1534659294160271,0.1571603344522758
800,0.14215933812759687,0.1424565955501792,0.1423542386625016,0.14236943142798125,0.14749577154185636,0.14344231189356324,0.1427789879344734,0.14724440384178547,0.15468593911346176
