n,run_time_Cox_Linear,run_time_Cox_CC,run_time_Cox_Time,run_time_DeepSurv,run_time_DeepHit,run_time_RSF,run_time_PAFT,run_time_SAFT,run_time_AH
400,0.09794694423675537,0.37166870474815367,1.1650442373752594,0.34807360768318174,0.49084346055984496,2.1915316927433013,0.6186532855033875,22.45135392785072,6.707841680049897
800,0.08334872484207154,0.3036818826198578,1.3995178747177124,0.27594661235809326,0.5099304842948914,2.0741142988204957,0.3814484441280365,26.60596126437187,11.885763263702392
