n,run_time_Cox_Linear,run_time_Cox_CC,run_time_Cox_Time,run_time_DeepSurv,run_time_DeepHit,run_time_RSF,run_time_PAFT,run_time_SAFT,run_time_AH
400,0.046468071937561035,0.2737849020957947,0.7385152077674866,0.21000736117362975,0.32363915085792544,1.4407044780254363,0.26015417695045473,12.594444218873978,6.928507497310639
800,0.06764572978019714,0.3436519956588745,1.4875714707374572,0.2818216609954834,0.5491884887218476,2.1283836221694945,0.2871697378158569,21.092125684022903,19.21173569083214
