n,DMS_DNN,DMS_Cox_Linear,DMS_CoxPH,DMS_Coxvary,DMS_Cox_CC,DMS_Cox_Time,DMS_DeepSurv,DMS_DeepHit,DMS_RSF,DMS_PAFT,DMS_SAFT,DMS_AH
400,0.0434191567484587,0.041901532073743614,0.042090377164019845,0.05399089874071335,0.04671723734601814,0.046791475674714415,0.04799830217858188,0.09427622437467004,0.05148945695768052,0.0517243243405123,0.04160508571896955,0.037124234381941276
800,0.03278794001374305,0.03043327691699842,0.03127489030839647,0.04025033530904725,0.03919212855852931,0.03950646812789578,0.03874243474656956,0.07191580780738495,0.0461484801347128,0.043153619943196414,0.030451277576155147,0.025603892333097414
