n,run_time_DNN,run_time_Cox_Linear,run_time_CoxPH,run_time_Coxvary,run_time_Cox_CC,run_time_Cox_Time,run_time_DeepSurv,run_time_DeepHit,run_time_RSF,run_time_PAFT,run_time_SAFT,run_time_AH
400,7.7500349402427675,0.03780373215675354,5.1612587630748745,173.00399799466132,0.24521916031837462,0.684038233757019,0.2259255015850067,0.2799453365802765,1.1259632229804992,0.24298786997795105,12.255499907732009,3.494364857673645
800,18.511597563028335,0.04297250866889954,14.041138206720353,279.5088467645645,0.3170026683807373,1.252161773443222,0.28448941588401794,0.4353265905380249,1.4605409348011016,0.23225147843360902,19.542244300842285,8.467573255300522
