n,IBS_DNN,IBS_Cox_Linear,IBS_CoxPH,IBS_Coxvary,IBS_Cox_CC,IBS_Cox_Time,IBS_DeepSurv,IBS_DeepHit,IBS_RSF,IBS_PAFT,IBS_SAFT,IBS_AH
400,0.15671209687317458,0.15576479189108253,0.1556163962975093,0.15902018367017617,0.15647213788713116,0.1562296270965291,0.15685387392493785,0.17582404187674583,0.15724571534469944,0.1600190337881669,0.1561807330492049,0.15504723528820175
800,0.15482509019706614,0.1541227942783774,0.1540273092743352,0.15566290158889445,0.1550593135142978,0.15486163048031673,0.1547747698333418,0.16507594158633296,0.15605536866205894,0.15857396449984817,0.15430158073428143,0.15290965096203346
