n,run_time_DNN,run_time_Cox_Linear,run_time_CoxPH,run_time_Coxvary,run_time_Cox_CC,run_time_Cox_Time,run_time_DeepSurv,run_time_DeepHit,run_time_RSF,run_time_PAFT,run_time_SAFT,run_time_AH
400,14.350431280136108,0.046468071937561035,6.438411481380463,180.81533435463905,0.2737849020957947,0.7385152077674866,0.21000736117362975,0.32363915085792544,1.4407044780254363,0.26015417695045473,12.594444218873978,6.928507497310639
800,40.11171723842621,0.06764572978019714,15.760722105503083,314.49611737966535,0.3436519956588745,1.4875714707374572,0.2818216609954834,0.5491884887218476,2.1283836221694945,0.2871697378158569,21.092125684022903,19.21173569083214
