n,run_time_DNN,run_time_Cox_Linear,run_time_CoxPH,run_time_Coxvary,run_time_Cox_CC,run_time_Cox_Time,run_time_DeepSurv,run_time_DeepHit,run_time_RSF,run_time_PAFT,run_time_SAFT,run_time_AH
400,15.96286981344223,0.03420018553733826,8.387345222234726,164.99776031136514,0.3002497100830078,0.5610040926933288,0.2057864785194397,0.24545107841491698,1.0826622879505157,0.19544957637786864,10.635417437553405,3.3096180975437166
800,27.410682307481764,0.049354716539382934,21.342286901473997,288.0287793266773,0.31500685572624204,1.0447323668003081,0.2683875262737274,0.3957779037952423,1.4479717302322388,0.21625547647476195,19.19670867919922,8.228633457422257
