n,run_time_Cox_Linear,run_time_Cox_CC,run_time_Cox_Time,run_time_DeepSurv,run_time_DeepHit,run_time_RSF,run_time_PAFT,run_time_SAFT,run_time_AH
400,0.03780373215675354,0.24521916031837462,0.684038233757019,0.2259255015850067,0.2799453365802765,1.1259632229804992,0.24298786997795105,12.255499907732009,3.494364857673645
800,0.04297250866889954,0.3170026683807373,1.252161773443222,0.28448941588401794,0.4353265905380249,1.4605409348011016,0.23225147843360902,19.542244300842285,8.467573255300522
