n,DMS_Cox_Linear,DMS_Cox_CC,DMS_Cox_Time,DMS_DeepSurv,DMS_DeepHit,DMS_RSF,DMS_PAFT,DMS_SAFT,DMS_AH
400,0.04453472053031274,0.06183515210564792,0.05902709700914446,0.061202960557886,0.10155488057192893,0.06546431011470263,0.041041770659357935,0.05404981719595363,0.07746901176611613
800,0.03274398040456889,0.05280123614407753,0.048343121448105465,0.0512411816858061,0.09738489772898504,0.05469501456468206,0.027846254498381323,0.03939976842001444,0.07684235116034953
