n,IBS_Cox_Linear,IBS_Cox_CC,IBS_Cox_Time,IBS_DeepSurv,IBS_DeepHit,IBS_RSF,IBS_PAFT,IBS_SAFT,IBS_AH
400,0.17546701350934218,0.1810970380998539,0.1805337060842897,0.1807477751554306,0.20268320825146652,0.1808677308840305,0.17469218681733575,0.1760576536870711,0.18252392218547128
800,0.17353525025513164,0.17858310249124001,0.17770222157583845,0.17796204710730967,0.2014392840989376,0.17825572745993917,0.17292597186260292,0.17354300335677286,0.18239776645955103
