n,DMS_DNN,DMS_Cox_Linear,DMS_CoxPH,DMS_Coxvary,DMS_Cox_CC,DMS_Cox_Time,DMS_DeepSurv,DMS_DeepHit,DMS_RSF,DMS_PAFT,DMS_SAFT,DMS_AH
400,0.04601682227718162,0.05323478603778735,0.052934304554453714,0.06523706423357183,0.049488229039273836,0.04611937638445568,0.05016942427126883,0.1206422555690751,0.05272540822842286,0.0620012029046134,0.0900932875941601,0.08550199081473185
800,0.03706628744279712,0.04307286230609755,0.04296627631940864,0.044624350090853235,0.044644578491599154,0.03876208136551241,0.04424339921937907,0.09848768498671187,0.048754399903933265,0.05471822895557654,0.06822521113619034,0.07836510308370986
