n,DMS_DNN,DMS_Cox_Linear,DMS_CoxPH,DMS_Coxvary,DMS_Cox_CC,DMS_Cox_Time,DMS_DeepSurv,DMS_DeepHit,DMS_RSF,DMS_PAFT,DMS_SAFT,DMS_AH
400,0.049483662839511444,0.03952429549960562,0.03891540240700958,0.052403930025159084,0.054134553367751026,0.05536682319110207,0.05539377120785751,0.11069673974468937,0.06634634424498013,0.05116324215348527,0.0691558580932037,0.07555600084110958
800,0.0369381820996916,0.0270369549388351,0.026795104047940034,0.03702526938291004,0.04612250870948645,0.04311860265052826,0.04246157688834554,0.10286097968570995,0.05346669261783539,0.042737179830300655,0.06001843294294022,0.07033616440904199
