n,IBS_DNN,IBS_Cox_Linear,IBS_CoxPH,IBS_Coxvary,IBS_Cox_CC,IBS_Cox_Time,IBS_DeepSurv,IBS_DeepHit,IBS_RSF,IBS_PAFT,IBS_SAFT,IBS_AH
400,0.15950976640083336,0.15762362463593033,0.15753425130744358,0.15951783772499475,0.1601925136112062,0.15999825365868442,0.1605116435175372,0.18225008770770493,0.16198678086295396,0.15798812785450575,0.16633461702961597,0.16133512668364225
800,0.15732139085173005,0.15630873188950248,0.15624303710092002,0.15713018341840215,0.15873839603886095,0.15791097957768,0.1580058948532236,0.17928680746080392,0.15913163993180646,0.15663215960744156,0.16417497487218033,0.15949968705763862
