n,run_time_DNN,run_time_Cox_Linear,run_time_CoxPH,run_time_Coxvary,run_time_Cox_CC,run_time_Cox_Time,run_time_DeepSurv,run_time_DeepHit,run_time_RSF,run_time_PAFT,run_time_SAFT,run_time_AH
400,7.825312557220459,0.033717174530029294,3.9035272109508514,193.2098259973526,0.30428183436393735,0.5572631192207337,0.17856244683265687,0.2269863021373749,1.0722777938842774,0.20359025597572328,9.334343365430833,3.7341308617591857
800,12.244890694618226,0.04564184784889221,10.055797398090363,340.47898886919023,0.25810205936431885,1.036443854570389,0.22035285592079162,0.32579457879066465,1.5441882586479188,0.21606337308883666,14.516578245162965,9.907184501886368
