n,DMS_DNN,DMS_Cox_Linear,DMS_CoxPH,DMS_Coxvary,DMS_Cox_CC,DMS_Cox_Time,DMS_DeepSurv,DMS_DeepHit,DMS_RSF,DMS_PAFT,DMS_SAFT,DMS_AH
400,0.033175077206344286,0.042357188368897736,0.043051714604738854,0.053751431158136694,0.04187330597313987,0.042444984479218614,0.04551447568894526,0.0925685701233006,0.05130383846810274,0.05368196563588816,0.04367978423748306,0.04282094911038499
800,0.029353989341005207,0.031239226133894717,0.032995697465698595,0.04003788803338411,0.035669691209353364,0.035817282898106664,0.03515067486632927,0.061209845270083704,0.04643378736777416,0.04596008290107239,0.032495263260453294,0.032853759462630354
