n,IBS_DNN,IBS_Cox_Linear,IBS_CoxPH,IBS_Coxvary,IBS_Cox_CC,IBS_Cox_Time,IBS_DeepSurv,IBS_DeepHit,IBS_RSF,IBS_PAFT,IBS_SAFT,IBS_AH
400,0.13208418524358603,0.13518090571474148,0.1349305721468512,0.13784309151912813,0.13343402864691348,0.1333990409704554,0.13414430525028911,0.16060137751996503,0.13569800537126217,0.14167897211344868,0.13674881892496885,0.1350714936889651
800,0.131519805488512,0.13343712435749272,0.13338248914214795,0.13437660600375273,0.13240520828649327,0.13234830480013554,0.13218197955706368,0.14416232832836712,0.13496827542299714,0.14018456428215767,0.1345703330371419,0.1329750938520801
