n,run_time_DNN,run_time_Cox_Linear,run_time_CoxPH,run_time_Coxvary,run_time_Cox_CC,run_time_Cox_Time,run_time_DeepSurv,run_time_DeepHit,run_time_RSF,run_time_PAFT,run_time_SAFT,run_time_AH
400,15.408720825910569,0.03926493763923645,8.111816409826279,228.55618898749353,0.21001882433891297,0.58095219373703,0.17361783146858215,0.28123645663261415,1.2643505775928496,0.2486242425441742,11.186768492460251,6.920561074018479
800,19.832356289625167,0.04254546999931336,21.23283538222313,397.496594029665,0.19664388179779052,0.8556577134132385,0.15605573296546937,0.3622330808639526,1.463269556760788,0.1923281729221344,14.070015268325806,13.690883332490921
